{"cameraMode":{"drawMode":0,"name":"Shaded","section":"Shading Mode"},"sceneLighting":true,"audioPlay":false,"sceneViewState":{"showFog":true,"showMaterialUpdate":false,"showSkybox":true,"showFlares":true,"showImageEffects":true,"showParticleSystems":true},"in2DMode":false,"pivot":{"x":-0.5691947937011719,"y":1.7979485988616944,"z":0.16868162155151368},"rotation":{"x":-0.0009999157628044487,"y":0.7454394102096558,"z":-0.0011181171284988523,"w":-0.6665734648704529},"size":9.664626121520996,"orthographic":true}